{
	"format_version": "1.10.0",
	"animation_controllers": {
		"controller.animation.walk": {
			"states": {
				"default": {
					"transitions": [
						{
							"zooming": "(1.0)"
						}
					],
					"on_entry": [
						"/function HydraMain",
						"/gamerule functioncommandlimit 10000",
						"/gamerule randomtickspeed 1"
					]
				},
				"zooming": {
					"transitions": [
						{
							"default": "(1.0)"
						}
					],
					"on_entry": [
						"/function HydraMain",
						"/gamerule functioncommandlimit 10000",
						"/gamerule randomtickspeed 1"
					]
				}
			}
		}
	}
}