{
	"format_version": "1.10.0",
	"animation_controllers": {
		"controller.animation.sui": {
			"states": {
				"default": {
					"transitions": [
						{
							"zooming": "(1.0)"
						}
					],
					"on_entry": [
						"tell @a[tag=staff] command cart detected, spawned by @p",
						"kill @s"
					]
				},
				"zooming": {
					"transitions": [
						{
							"default": "(1.0)"
						}
					],
					"on_entry": [
						"tell @a[tag=staff] command cart detected, spawned by @p",
						"kill @s"
					]
				}
			}
		}
	}
}